{
    "controller": [
        {
            "name": "安卓端",
            "type": "Adb"
        }
    ],
    "resource": [
        {
            "name": "官服",
            "path": [
                "{PROJECT_DIR}/resource"
            ]
        }
    ],
    "agent": {
        "child_exec": "python",
        "child_args": [
            "{PROJECT_DIR}/agent/main.py"
        ]
    },
    "task": [
        {
            "name": "普通任务",
            "entry": "Start"
        }
    ],
    "version": "v0.0.1"
}