{
    "Start":{
        "next":[
            "S我的主页",
            "S关闭首页窗口"
        ]
    },
    "S关闭首页窗口":{
        "timeout":1000,
        "next":[
            "t生日剧情解锁",
            "t团队战最终日",
            "t通知",
            "t动画设定",
            "t超值!7天体力资源补给",
            "t道具装备礼包",
            "t活动结束预告",
            "t内容解锁"
        ]
    },
    "S我的主页":{
        "next":[
            "t我的主菜单",
            "s点击屏幕开始游戏"
        ]
    },
    "s点击屏幕开始游戏":{
        "next":[
            "t点击屏幕开始游戏",
            "c点击屏幕开始游戏循环点击"
        ]
    },
    "s切换账号":{
        "next":[
            "t切换账号"
        ]
    },
    "s登录记录界面":{
        "next":[
            "t登录记录界面"
        ]
    },
    "s选择完账号，加载进入主页":{
        "next":[
            "t数据下载",
            "t确认",
            "t从账号选择界面进入主菜单",
            "c循环点击直到进入主菜单"
        ]
    },



    "B设定":{
        "recognition":"OCR",
        "expected":"设定"
    },
    "B取消":{
        "recognition":"OCR",
        "expected":"取消"
    },
    "B关闭":{
        "recognition":"OCR",
        "expected":"关闭"
    },
    "B主菜单":{
        "recognition":"OCR",
        "expected":"主菜单"
    },
    "B确认":{
        "recognition":"OCR",
        "expected":"确认"
    },
    "B下载":{
        "recognition":"OCR",
        "expected":"下载"
    },



    "t生日剧情解锁":{
        "recognition": "OCR",
        "expected":"生日剧情解锁",
        "action":"click",
        "target":[
            465,622,57,30
        ],
        "post_delay":700,
        "next":[
            "S关闭首页窗口"
        ]
    },
    "t团队战最终日":{
        "recognition": "OCR",
        "expected":"团队战最终日",
        "action":"click",
        "target":[
            608,561,57,31
        ],
        "post_delay":700,
        "next":[
            "S关闭首页窗口"
        ]
    },
    "t通知":{
        "recognition": "OCR",
        "expected":"通知",
        "action":"click",
        "target":"B关闭",
        "post_delay":700,
        "next":[
            "S关闭首页窗口"
        ]
    },
    "t动画设定":{
        "recognition": "OCR",
        "expected":"动画设定",
        "action":"click",
        "target":"B设定",
        "post_delay":700,
        "next":[
            "S关闭首页窗口"
        ]
    },
    "t超值!7天体力资源补给":{
        "recognition": "OCR",
        "expected":"7天体力支援补给",
        "action":"click",
        "target":"B取消",
        "post_delay":700,
        "next":[
            "S关闭首页窗口"
        ]
    },
    "t道具装备礼包":{
        "recognition": "OCR",
        "expected":"道具装备礼包",
        "action":"click",
        "target":"B取消",
        "post_delay":700,
        "next":[
            "S关闭首页窗口"
        ]
    },
    "t活动结束预告":{
        "recognition": "OCR",
        "expected":"活动结束预告",
        "post_delay":700,
        "action":"click",
        "target":[
            465,622,57,30
        ],
        "next":[
            "S关闭首页窗口"
        ]
    },
    "t内容解锁":{
        "recognition": "OCR",
        "expected":"内容解锁",
        "action":"click",
        "target":"B关闭",
        "post_delay":700,
        "next":[
            "S关闭首页窗口"
        ]
    },
    "t我的主菜单":{
        "recognition": "OCR",
        "expected":"我的主页",
        "action":"click",
        "post_delay":700,
        "target":[
            1133,686,65,27
        ],
        "next":[
            "c回到标题画面"
        ]
    },
    "t确认画面":{
        "recognition": "OCR",
        "expected":"确认画面",
        "action":"click",
        "target":[
            756,475,60,35
        ],
        "next":[
            "s点击屏幕开始游戏"
        ]
    },
    "t点击屏幕开始游戏":{
        "recognition": "OCR",
        "expected":"主菜单",
        "action":"click",
        "target":[
            50,50,50,50
        ],
        "next":[
           "s切换账号"
        ]
    },
    "t切换账号":{
        "recognition": "OCR",
        "expected":"切换账号",
        "action":"click",
        "next":[
            "s登录记录界面"
        ]
    },
    "t登录记录界面":{
        "recognition": "OCR",
        "expected":"登录记录",
        "action":"click",
        "target":[
            759,300,50,50
        ],
        "next":[
            "c切换最后账号1上滑"
        ]
    },
    "t数据下载":{
        "recognition": "OCR",
        "expected":"数据下载",
        "action":"click",
        "target":"B确认",
        "next":[
            "t确认",
            "s选择完账号，加载进入主页"
        ]
    },
    "t确认":{
        "recognition": "OCR",
        "expected":"确认",
        "action":"click",
        "target":[
            758,
            475,
            60,
            37
        ],
        "next":[
            "s选择完账号，加载进入主页"
        ]
    },
    "t从账号选择界面进入主菜单":{
        "recognition": "OCR",
        "expected":"角色",
        "next":[
            "S关闭首页窗口"
        ]
    },
    

    "c回到标题画面":{
        "recognition": "OCR",
        "expected":"回到标题画面",
        "action":"click",
        "next":[
           "t确认画面",
           "c回到标题画面"
        ]
    },
    "c点击屏幕开始游戏循环点击":{
        "recognition":"DirectHit",
        "action":"click",
        "target":[
            50,50,50,50
        ],
        "next":[
            "s点击屏幕开始游戏"
        ]
    },
    "c切换最后账号1上滑":{
        "recognition":"DirectHit",
        "action":"Swipe",
        "begin":[
            709,500,50,50
        ],
        "end":[
            759,10,50,50
        ],
        "duration":100,
        "next":[
            "c切换最后账号2上滑"
        ]
    },
    "c切换最后账号2上滑":{
        "recognition":"DirectHit",
        "action":"Swipe",
        "begin":[
            709,500,50,50
        ],
        "end":[
            759,10,50,50
        ],
        "duration":100,
        "next":[
            "c切换最后账号3点击账号"
        ]
    },
    "c切换最后账号3点击账号":{
        "recognition":"OCR",
        "expected":"登录记录",
        "action":"click",
        "target":[
            554,484,50,24
        ],
        "next":[
            "c切换最后账号4点击登录"
        ]
    },
    "c切换最后账号4点击登录":{
        "recognition":"OCR",
        "expected":"登录记录",
        "action":"click",
        "target":[
            622,385,36,21
        ],
        "post_delay":2000,
        "next":[
            "s选择完账号，加载进入主页"
        ]
    },
    "c循环点击直到进入主菜单":{
        "recognition":"DirectHit",
        "action":"click",
        "target":[
            50,50,50,50
        ],
        "next":[
            "s选择完账号，加载进入主页"
        ]
    }

}